﻿{"cameraMode":{"drawMode":0,"name":"Shaded","section":"Shading Mode"},"sceneLighting":true,"audioPlay":false,"sceneViewState":{"showFog":true,"showMaterialUpdate":false,"showSkybox":true,"showFlares":true,"showImageEffects":true,"showParticleSystems":true},"in2DMode":false,"pivot":{"x":533.705078125,"y":250.88601684570313,"z":47.0672607421875},"rotation":{"x":0.06683997064828873,"y":0.01646312326192856,"z":-0.0010979828657582403,"w":0.9976328015327454},"size":811.0003662109375,"orthographic":false}