Steps,Policy/Entropy,Environment/Episode Length,Policy/Extrinsic Value Estimate,Environment/Cumulative Reward,Policy/Extrinsic Reward,Is Training
1000,2.9944055,46.0,0.003175094,-0.8380952363922483,-0.8380952363922483,1.0
2000,2.9946342,51.57142857142857,-0.15317857,-1.1750000447034836,-1.1750000447034836,1.0
3000,2.9944723,45.68421052631579,-0.098002635,-0.9900000780820847,-0.9900000780820847,1.0
4000,2.994674,48.095238095238095,-0.09505383,-0.7190476045722053,-0.7190476045722053,1.0
5000,2.994681,45.19047619047619,-0.14537777,-0.8142857679298946,-0.8142857679298946,1.0
6000,2.994664,66.13333333333334,-0.07364771,-1.5966667075951895,-1.5966667075951895,1.0
7000,2.9946976,54.5,-0.004985229,-1.3472221725516849,-1.3472221725516849,1.0
8000,2.994737,57.11764705882353,-0.08217712,-1.2647060278583975,-1.2647060278583975,1.0
9000,2.994539,58.05882352941177,-0.06744463,-1.661764821585487,-1.661764821585487,1.0
10000,2.9945228,45.61904761904762,-0.19581626,-0.666666723432995,-0.666666723432995,1.0
11000,2.9944196,51.68421052631579,-0.088894084,-1.218421115687019,-1.218421115687019,1.0
12000,2.9945931,53.473684210526315,-0.16964209,-0.8078946784922951,-0.8078946784922951,1.0
13000,2.9946063,56.11764705882353,-0.08934925,-1.1147059307378882,-1.1147059307378882,1.0
14000,2.9946048,61.0,-0.058049854,-1.1470588761217453,-1.1470588761217453,1.0
15000,2.994583,54.88235294117647,-0.13858627,-0.9117648075608646,-0.9117648075608646,1.0
16000,2.9945664,51.26315789473684,-0.07411993,-0.9894737209144392,-0.9894737209144392,1.0
17000,2.9945881,49.0,-0.11193055,-1.1261904878275735,-1.1261904878275735,1.0
18000,2.9946272,46.904761904761905,-0.15276809,-0.9428571263949076,-0.9428571263949076,1.0
19000,2.994677,65.33333333333333,-0.09567836,-1.8566668391227723,-1.8566668391227723,1.0
20000,2.994597,47.86363636363637,-0.09506777,-0.7022727307948199,-0.7022727307948199,1.0
21000,2.9946418,41.76190476190476,-0.09163535,-0.9238096248535883,-0.9238096248535883,1.0
22000,2.9946938,39.541666666666664,-0.12507863,-0.9687499701976776,-0.9687499701976776,1.0
23000,2.994383,51.578947368421055,-0.118427664,-0.8763158117469988,-0.8763158117469988,1.0
24000,2.9943995,51.05,-0.07877503,-1.0184210883943658,-1.0184210883943658,1.0
25000,2.9946346,49.3,-0.11800957,-0.552380987576076,-0.552380987576076,1.0
26000,2.9945922,58.5625,-0.20517942,-1.2250000908970833,-1.2250000908970833,1.0
27000,2.9945617,50.0,-0.13152409,-0.8309524116061983,-0.8309524116061983,1.0
28000,2.9943545,59.125,-0.073078714,-1.138235362137065,-1.138235362137065,1.0
29000,2.9946737,48.95,-0.030967707,-1.1200000286102294,-1.1200000286102294,1.0
30000,2.994621,50.388888888888886,-0.14311932,-0.8305555482705435,-0.8305555482705435,1.0
31000,2.9945676,45.142857142857146,-0.031232418,-0.4454545351591977,-0.4454545351591977,1.0
32000,2.9946275,57.05555555555556,-0.0380065,-1.2805556191338434,-1.2805556191338434,1.0
33000,2.994563,65.4,-0.14476413,-1.8700002511342366,-1.8700002511342366,1.0
34000,2.994732,48.0,-0.07924738,-0.860000005364418,-0.860000005364418,1.0
35000,2.994602,43.82608695652174,-0.13177152,-0.5021739031957544,-0.5021739031957544,1.0
36000,2.9942126,46.15,-0.051308483,-0.6025000035762786,-0.6025000035762786,1.0
37000,2.9944813,46.54545454545455,-0.077954754,-0.7022727172483098,-0.7022727172483098,1.0
38000,2.9946272,53.22222222222222,-0.06852783,-1.4333333704206679,-1.4333333704206679,1.0
39000,2.994656,52.526315789473685,-0.09339181,-1.0026316454536037,-1.0026316454536037,1.0
40000,2.9947808,49.8421052631579,0.008291647,-0.9631579518318176,-0.9631579518318176,1.0
41000,2.9947686,77.38461538461539,-0.10176777,-2.115384872143085,-2.115384872143085,1.0
42000,2.994569,65.6,-0.10296982,-1.5800002455711364,-1.5800002455711364,1.0
43000,2.9945824,54.166666666666664,0.013185633,-1.1722222765286763,-1.1722222765286763,1.0
44000,2.9946651,61.9375,-0.07312618,-1.1468750201165676,-1.1468750201165676,1.0
45000,2.9945962,48.0,-0.043163348,-0.8833333438351041,-0.8833333438351041,1.0
46000,2.99463,51.095238095238095,-0.10729202,-0.8952381142548153,-0.8952381142548153,1.0
47000,2.9902477,46.30769230769231,-0.23570545,-0.7631579323818809,-0.7631579323818809,1.0
48000,2.9835584,51.333333333333336,-0.25362885,-1.0815790264230025,-1.0815790264230025,1.0
49000,2.983436,44.54545454545455,-0.1684285,-0.8954544744708322,-0.8954544744708322,1.0
50000,2.9840267,44.5,-0.15738614,-0.7477273074063387,-0.7477273074063387,1.0
51000,2.9839823,44.08695652173913,-0.19495378,-0.7522727684541182,-0.7522727684541182,1.0
52000,2.984374,43.18181818181818,-0.15274245,-0.37173921258553216,-0.37173921258553216,1.0
53000,2.983053,53.85,-0.15531233,-0.8975000083446503,-0.8975000083446503,1.0
54000,2.9834144,47.73684210526316,-0.2519599,-0.9157895383081938,-0.9157895383081938,1.0
55000,2.9835625,43.36363636363637,-0.2511616,-0.7159090827811848,-0.7159090827811848,1.0
56000,2.9838305,52.78947368421053,-0.17027636,-0.7052631754624216,-0.7052631754624216,1.0
57000,2.9823759,45.19047619047619,-0.2618294,-1.116666751248496,-1.116666751248496,1.0
58000,2.9822788,52.68421052631579,-0.17691214,-1.1947369167679234,-1.1947369167679234,1.0
59000,2.9834306,39.666666666666664,-0.2088067,-0.6166666820645332,-0.6166666820645332,1.0
60000,2.984289,52.473684210526315,-0.16789769,-1.1315790477551912,-1.1315790477551912,1.0
61000,2.9836698,50.4,-0.12634158,-0.4400000274181366,-0.4400000274181366,1.0
62000,2.9835222,48.61904761904762,-0.14560546,-0.6750000849366188,-0.6750000849366188,1.0
63000,2.9840653,40.40909090909091,-0.21177462,-0.7260869948760323,-0.7260869948760323,1.0
64000,2.982426,55.05555555555556,-0.16593195,-1.0888889415396585,-1.0888889415396585,1.0
65000,2.9845762,47.04761904761905,-0.18288305,-0.700000042007083,-0.700000042007083,1.0
66000,2.984258,42.291666666666664,-0.1998933,-0.543749988079071,-0.543749988079071,1.0
67000,2.984396,42.30434782608695,-0.12539111,-0.4717391107393348,-0.4717391107393348,1.0
68000,2.9823666,46.7,-0.18694681,-0.7475000083446502,-0.7475000083446502,1.0
69000,2.983958,43.17391304347826,-0.18711768,-0.46956529565479443,-0.46956529565479443,1.0
70000,2.9841897,50.85,-0.15885,-0.755263162286658,-0.755263162286658,1.0
71000,2.9829495,63.06666666666667,-0.22729167,-1.2718750946223736,-1.2718750946223736,1.0
72000,2.9837227,46.04761904761905,-0.20250818,-0.9142857222330003,-0.9142857222330003,1.0
73000,2.9845574,50.85,-0.20417121,-1.0400001555681229,-1.0400001555681229,1.0
74000,2.9832664,55.411764705882355,-0.17542642,-0.8705882798222935,-0.8705882798222935,1.0
75000,2.9845297,46.666666666666664,-0.09901192,-0.4761904619988941,-0.4761904619988941,1.0
76000,2.9820423,47.5,-0.17438936,-0.5204545394940809,-0.5204545394940809,1.0
77000,2.982319,54.55,-0.16337113,-0.8736843027566609,-0.8736843027566609,1.0
78000,2.9851203,46.05555555555556,-0.23499954,-0.9499999535711188,-0.9499999535711188,1.0
79000,2.9833293,52.94444444444444,-0.21495228,-1.0083333767122693,-1.0083333767122693,1.0
80000,2.9846709,40.916666666666664,-0.23839803,-0.4479166691501935,-0.4479166691501935,1.0
81000,2.9831586,42.78260869565217,-0.25635445,-0.6978261470794678,-0.6978261470794678,1.0
82000,2.9849484,51.55,-0.23120615,-1.2555556065506406,-1.2555556065506406,1.0
83000,2.9849687,46.15,-0.15098938,-0.4772727719762109,-0.4772727719762109,1.0
84000,2.9835544,51.0,-0.20283973,-0.7274999976158142,-0.7274999976158142,1.0
85000,2.982595,46.85,-0.14868596,-0.96500004529953,-0.96500004529953,1.0
86000,2.980263,54.77777777777778,-0.17944296,-1.1583333247237735,-1.1583333247237735,1.0
87000,2.983945,47.40909090909091,-0.14725207,-0.631818256594918,-0.631818256594918,1.0
88000,2.982592,49.94736842105263,-0.2149404,-1.234210502160223,-1.234210502160223,1.0
89000,2.9843726,40.083333333333336,-0.17251098,-0.3083333373069763,-0.3083333373069763,1.0
90000,2.984479,44.31818181818182,-0.22303371,-0.5477272962982004,-0.5477272962982004,1.0
91000,2.9832282,50.26315789473684,-0.20214781,-0.8894736719758887,-0.8894736719758887,1.0
92000,2.984004,52.61904761904762,-0.21873093,-0.6699999958276749,-0.6699999958276749,1.0
93000,2.9763942,47.74074074074074,-0.20993945,-1.1125002026557922,-1.1125002026557922,1.0
94000,2.9680686,36.6875,-0.22912438,-0.10000000149011612,-0.10000000149011612,1.0
95000,2.9672503,39.833333333333336,-0.22560632,-0.3562500129143397,-0.3562500129143397,1.0
96000,2.9655848,36.84615384615385,-0.30509987,-0.6576923269491929,-0.6576923269491929,1.0
97000,2.9666345,48.0,-0.2502496,-1.066666759195782,-1.066666759195782,1.0
98000,2.9700258,37.96153846153846,-0.26281422,-0.19423075593434846,-0.19423075593434846,1.0
99000,2.9675777,44.285714285714285,-0.19232078,-0.5047619484719776,-0.5047619484719776,1.0
100000,2.9683442,53.68421052631579,-0.15962581,-0.6473684891274101,-0.6473684891274101,1.0
101000,2.9687655,41.04347826086956,-0.22955729,-0.4891304244165835,-0.4891304244165835,1.0
102000,2.9660902,43.91304347826087,-0.29029503,-0.5978260791820028,-0.5978260791820028,1.0
103000,2.9659579,44.22727272727273,-0.24312736,-0.6068181598728354,-0.6068181598728354,1.0
104000,2.968405,48.6,-0.20112807,-0.6131578872078344,-0.6131578872078344,1.0
105000,2.970222,43.2,-0.18689226,-0.3180000019073486,-0.3180000019073486,1.0
106000,2.963536,43.1,-0.35456124,-0.8904762211300078,-0.8904762211300078,1.0
107000,2.9653912,38.2962962962963,-0.250147,-0.06851853485460635,-0.06851853485460635,1.0
108000,2.9655616,41.65217391304348,-0.24479927,-0.6568181623112072,-0.6568181623112072,1.0
109000,2.968444,47.7,-0.2678224,-0.7523809898467291,-0.7523809898467291,1.0
110000,2.967906,38.88,-0.17526223,-0.4960000616312027,-0.4960000616312027,1.0
111000,2.9673526,39.08,-0.23009747,-0.033999986350536346,-0.033999986350536346,1.0
112000,2.9668782,37.07692307692308,-0.20516457,-0.2711538615135046,-0.2711538615135046,1.0
113000,2.9655077,47.333333333333336,-0.24231139,-0.5000000685453415,-0.5000000685453415,1.0
114000,2.9678075,49.78947368421053,-0.24716485,-0.8825000047683715,-0.8825000047683715,1.0
115000,2.9632149,52.10526315789474,-0.24303329,-0.9894737664021944,-0.9894737664021944,1.0
116000,2.9646266,42.95652173913044,-0.3455644,-0.9521740363991779,-0.9521740363991779,1.0
117000,2.9644678,46.80952380952381,-0.26600108,-0.5857143004735311,-0.5857143004735311,1.0
118000,2.9626374,50.5,-0.13905628,-0.3125000327825546,-0.3125000327825546,1.0
119000,2.96538,43.56521739130435,-0.27901515,-0.4739130243011143,-0.4739130243011143,1.0
120000,2.966479,41.27272727272727,-0.24963184,-0.6477273079481992,-0.6477273079481992,1.0
121000,2.967067,39.44,-0.27544254,-0.5819999992847442,-0.5819999992847442,1.0
122000,2.968179,42.21739130434783,-0.20604515,-0.49782608514246734,-0.49782608514246734,1.0
123000,2.9661322,41.0,-0.2892157,-0.6020833303531011,-0.6020833303531011,1.0
124000,2.9678242,43.04347826086956,-0.252229,-0.9130435145419576,-0.9130435145419576,1.0
125000,2.9692764,39.291666666666664,-0.12444809,-0.26249998559554416,-0.26249998559554416,1.0
126000,2.9657266,43.08695652173913,-0.2724737,-0.4586955930875695,-0.4586955930875695,1.0
127000,2.9652853,42.30434782608695,-0.22905147,-0.48695649012275366,-0.48695649012275366,1.0
128000,2.9660153,32.56666666666667,-0.2747668,-0.06499999066193898,-0.06499999066193898,1.0
129000,2.9660342,43.86363636363637,-0.23587793,-0.4704545167359439,-0.4704545167359439,1.0
130000,2.9656656,42.608695652173914,-0.23074949,-0.3543478120928225,-0.3543478120928225,1.0
131000,2.9641886,39.08,-0.24194027,-0.1959999668598175,-0.1959999668598175,1.0
132000,2.9675825,44.18181818181818,-0.25650084,-0.6181818016550757,-0.6181818016550757,1.0
133000,2.9658115,44.95454545454545,-0.21054025,-0.22045453028245407,-0.22045453028245407,1.0
134000,2.9669065,43.91304347826087,-0.15698251,-0.24772725863890213,-0.24772725863890213,1.0
135000,2.9651334,47.0,-0.23372182,-0.5309524223918006,-0.5309524223918006,1.0
136000,2.9677954,37.34615384615385,-0.12643827,0.10576923076923077,0.10576923076923077,1.0
137000,2.9665809,42.608695652173914,-0.21902694,-0.4717391211053599,-0.4717391211053599,1.0
138000,2.960785,41.63636363636363,-0.20696332,-0.20192308380053595,-0.20192308380053595,1.0
139000,2.9377513,37.75,-0.24140926,-0.4826086824354918,-0.4826086824354918,1.0
140000,2.9425507,39.291666666666664,-0.23525727,-0.40416665623585385,-0.40416665623585385,1.0
141000,2.9401739,42.90909090909091,-0.15029146,-0.16304347566936328,-0.16304347566936328,1.0
142000,2.9417048,33.758620689655174,-0.18042997,0.15517242406976633,0.15517242406976633,1.0
143000,2.943074,41.458333333333336,-0.3644608,-0.510416696468989,-0.510416696468989,1.0
144000,2.942027,35.142857142857146,-0.2674109,-0.39259257664283115,-0.39259257664283115,1.0
145000,2.9412732,36.88461538461539,-0.26009038,-0.046296266493973906,-0.046296266493973906,1.0
146000,2.941965,36.0,-0.35489532,-0.5907407226385893,-0.5907407226385893,1.0
147000,2.9448202,39.2,-0.27262992,-0.19599995374679566,-0.19599995374679566,1.0
148000,2.942593,40.28,-0.1725444,0.015999962091445923,0.015999962091445923,1.0
149000,2.9438972,35.03703703703704,-0.26275903,-0.05555555776313499,-0.05555555776313499,1.0
150000,2.9434137,41.21739130434783,-0.15985994,-0.236956510854804,-0.236956510854804,1.0
151000,2.9381678,39.30769230769231,-0.33932018,-0.319230780005455,-0.319230780005455,1.0
152000,2.942121,33.0,-0.23420554,-0.025862038135528564,-0.025862038135528564,1.0
153000,2.9404786,36.84615384615385,-0.29353246,-0.05576924750438103,-0.05576924750438103,1.0
154000,2.937959,34.13793103448276,-0.28765994,-0.09999998787353778,-0.09999998787353778,1.0
155000,2.9457128,36.30769230769231,-0.19195703,0.10192311039337745,0.10192311039337745,1.0
156000,2.9488473,41.291666666666664,-0.34198365,-0.4125000176330407,-0.4125000176330407,1.0
157000,2.9440277,34.57142857142857,-0.20748964,-0.017857127955981662,-0.017857127955981662,1.0
158000,2.9425564,38.72,-0.23647685,-0.2239999955892563,-0.2239999955892563,1.0
159000,2.940229,40.416666666666664,-0.2118329,-0.26875000322858494,-0.26875000322858494,1.0
160000,2.9436262,33.275862068965516,-0.27070102,-0.06551722925284813,-0.06551722925284813,1.0
161000,2.9417439,36.03703703703704,-0.3853811,-0.11481480686752885,-0.11481480686752885,1.0
162000,2.9406722,33.6551724137931,-0.16269384,0.05517243311322968,0.05517243311322968,1.0
163000,2.936975,47.23809523809524,-0.33843225,-0.5357142587502798,-0.5357142587502798,1.0
164000,2.9417884,37.88461538461539,-0.22959757,-0.11923074493041405,-0.11923074493041405,1.0
165000,2.9446702,37.8,-0.23261838,-0.10400001287460327,-0.10400001287460327,1.0
166000,2.9450116,31.774193548387096,-0.32882795,-0.2854838938482346,-0.2854838938482346,1.0
167000,2.9443486,33.41379310344828,-0.25960425,-0.048275879744825695,-0.048275879744825695,1.0
168000,2.9454772,38.72,-0.27384356,-0.3479999625682831,-0.3479999625682831,1.0
169000,2.9426525,38.88461538461539,-0.18609422,0.1942307834441845,0.1942307834441845,1.0
170000,2.9462645,36.34615384615385,-0.2652042,-0.23846151737066415,-0.23846151737066415,1.0
171000,2.9372168,40.208333333333336,-0.29684043,-0.4729166937371095,-0.4729166937371095,1.0
172000,2.9401567,31.1875,-0.32569548,-0.09531249664723873,-0.09531249664723873,1.0
173000,2.9452052,35.370370370370374,-0.25666732,-0.1425925393899282,-0.1425925393899282,1.0
174000,2.9418383,37.96153846153846,-0.22979972,-0.12499998624508198,-0.12499998624508198,1.0
175000,2.9430165,30.419354838709676,-0.21961221,0.10967742819939891,0.10967742819939891,1.0
176000,2.9456937,33.48275862068966,-0.13874935,0.09310344169879782,0.09310344169879782,1.0
177000,2.9423056,34.41379310344828,-0.29888174,-0.2948275563018075,-0.2948275563018075,1.0
178000,2.9380262,40.041666666666664,-0.25200614,-0.4687500347693761,-0.4687500347693761,1.0
179000,2.9429502,31.70967741935484,-0.2571299,0.34032258006834215,0.34032258006834215,1.0
180000,2.9435794,37.73076923076923,-0.23792179,-0.21923072636127472,-0.21923072636127472,1.0
181000,2.943072,29.15625,-0.24676076,0.2265625037252903,0.2265625037252903,1.0
182000,2.936991,44.86363636363637,-0.21194126,-0.031818186694925484,-0.031818186694925484,1.0
183000,2.9288185,31.066666666666666,-0.24604997,-0.11774194336706592,-0.11774194336706592,1.0
184000,2.905837,26.333333333333332,-0.11657306,0.4142857049192701,0.4142857049192701,1.0
185000,2.911797,32.55172413793103,-0.20521176,0.031034505572812312,0.031034505572812312,1.0
186000,2.9079537,27.457142857142856,-0.17889349,0.3250000261598163,0.3250000261598163,1.0
187000,2.9093049,35.17857142857143,-0.085122295,0.23571428656578064,0.23571428656578064,1.0
188000,2.9070141,32.0,-0.13875641,0.25499999324480693,0.25499999324480693,1.0
189000,2.900171,37.26923076923077,-0.08408038,0.13076921953604773,0.13076921953604773,1.0
190000,2.8979592,37.65384615384615,-0.1252318,-0.12307690313229194,-0.12307690313229194,1.0
191000,2.9088664,31.451612903225808,-0.23103979,0.12258064362310594,0.12258064362310594,1.0
192000,2.9060202,27.942857142857143,-0.16066752,0.38142855507986884,0.38142855507986884,1.0
193000,2.9085348,30.741935483870968,-0.19069888,-0.10483869862171911,-0.10483869862171911,1.0
194000,2.9061058,32.03333333333333,-0.09069698,0.3866666505734126,0.3866666505734126,1.0
195000,2.906712,28.91176470588235,-0.26068473,0.1176470465519849,0.1176470465519849,1.0
196000,2.9029841,38.0,-0.07375321,0.022000014781951904,0.022000014781951904,1.0
197000,2.911523,29.575757575757574,-0.10020455,0.3636363573146589,0.3636363573146589,1.0
198000,2.908028,28.38235294117647,-0.14166369,0.27352942263378816,0.27352942263378816,1.0
199000,2.9094474,31.096774193548388,-0.19782542,0.10967740128117223,0.10967740128117223,1.0
200000,2.9097655,30.09090909090909,-0.28478774,0.1530303033915433,0.1530303033915433,1.0
201000,2.905062,37.96153846153846,-0.12404516,0.16923077060626104,0.16923077060626104,1.0
202000,2.9103374,33.48275862068966,-0.20280322,-0.08214283521686282,-0.08214283521686282,1.0
203000,2.9055142,28.484848484848484,-0.13650542,0.3485293949351591,0.3485293949351591,1.0
204000,2.9110315,29.8125,-0.15703137,0.40625000186264515,0.40625000186264515,1.0
205000,2.905033,31.25,-0.2259761,0.04687500558793545,0.04687500558793545,1.0
206000,2.9083066,31.633333333333333,-0.10638737,0.21833334366480509,0.21833334366480509,1.0
207000,2.9025304,33.10344827586207,-0.11835051,0.24137931445549274,0.24137931445549274,1.0
208000,2.9091682,33.724137931034484,-0.22750781,-0.16551721455722018,-0.16551721455722018,1.0
209000,2.9088566,30.060606060606062,-0.17080958,0.23787878679506708,0.23787878679506708,1.0
210000,2.914229,28.88235294117647,-0.2529506,0.0859375,0.0859375,1.0
211000,2.9142218,33.607142857142854,-0.14258337,-0.17166663805643717,-0.17166663805643717,1.0
212000,2.9024484,32.666666666666664,-0.17636926,0.14166667064030966,0.14166667064030966,1.0
213000,2.9118633,34.3448275862069,-0.19023213,-0.00357142835855484,-0.00357142835855484,1.0
214000,2.9072874,34.370370370370374,-0.13232656,0.1642857130084719,0.1642857130084719,1.0
215000,2.905977,35.142857142857146,-0.2395059,-0.2142857164144516,-0.2142857164144516,1.0
216000,2.9117818,32.333333333333336,-0.2459695,0.12666665017604828,0.12666665017604828,1.0
217000,2.9039109,34.57142857142857,-0.3315506,-0.4767857151372092,-0.4767857151372092,1.0
218000,2.9001615,31.933333333333334,-0.17135845,0.24499999980131784,0.24499999980131784,1.0
219000,2.902624,32.93333333333333,-0.05002932,0.3833333363135656,0.3833333363135656,1.0
220000,2.903415,30.34375,-0.10708328,0.3516129034180795,0.3516129034180795,1.0
221000,2.9005187,31.6,-0.076668,0.32903227113908334,0.32903227113908334,1.0
222000,2.902148,33.48275862068966,-0.08384356,0.2500000123319955,0.2500000123319955,1.0
223000,2.9041007,32.9,-0.16663705,0.09500000377496083,0.09500000377496083,1.0
224000,2.8982334,29.875,-0.15314704,0.22187501564621925,0.22187501564621925,1.0
225000,2.9031653,32.733333333333334,-0.23549815,0.1283333291610082,0.1283333291610082,1.0
226000,2.9075227,33.51724137931034,-0.18026903,-0.13103445747802997,-0.13103445747802997,1.0
227000,2.8828177,33.31428571428572,0.029456533,0.3258620973291068,0.3258620973291068,1.0
228000,2.8629448,29.423076923076923,0.0011981614,0.304687513737008,0.304687513737008,1.0
229000,2.8549228,31.166666666666668,0.07211671,0.3322580591324837,0.3322580591324837,1.0
230000,2.8519175,29.625,0.09134437,0.3734375201165676,0.3734375201165676,1.0
231000,2.8504934,29.545454545454547,0.13054915,0.6545454715237473,0.6545454715237473,1.0
232000,2.8640628,30.75,-0.11476027,0.10781250428408384,0.10781250428408384,1.0
233000,2.8564339,30.677419354838708,-0.019380525,0.2790322582567892,0.2790322582567892,1.0
234000,2.8493133,27.542857142857144,-0.081074044,0.18142855167388916,0.18142855167388916,1.0
235000,2.8521738,29.114285714285714,0.0451127,0.3911764639265397,0.3911764639265397,1.0
236000,2.8566217,27.87878787878788,-0.12568504,0.026470566497129554,0.026470566497129554,1.0
237000,2.8549604,25.307692307692307,0.07924848,0.7038461550688132,0.7038461550688132,1.0
238000,2.8651335,30.580645161290324,-0.01702632,0.27903226498634587,0.27903226498634587,1.0
239000,2.8594208,27.542857142857144,0.053141925,0.4628571493285043,0.4628571493285043,1.0
240000,2.8540552,27.62857142857143,0.03168156,0.46714284249714444,0.46714284249714444,1.0
241000,2.8637676,26.444444444444443,0.035986084,0.5319444437821707,0.5319444437821707,1.0
242000,2.853875,31.35483870967742,0.04502555,0.16612903052760708,0.16612903052760708,1.0
243000,2.8573327,29.21212121212121,-0.050873887,0.2318181792894999,0.2318181792894999,1.0
244000,2.8604782,32.806451612903224,-0.101422764,0.18333335717519125,0.18333335717519125,1.0
245000,2.8585696,28.757575757575758,0.04345921,0.40303029977914057,0.40303029977914057,1.0
246000,2.8606598,28.454545454545453,0.016818793,0.34117644849945516,0.34117644849945516,1.0
247000,2.8599684,31.612903225806452,-0.051335733,0.19516128878439626,0.19516128878439626,1.0
248000,2.8499525,30.59375,0.0035777315,0.26562502328306437,0.26562502328306437,1.0
249000,2.8574343,29.4375,0.07320288,0.5312499897554517,0.5312499897554517,1.0
250000,2.8642888,24.94871794871795,-0.011529823,0.38717949313995165,0.38717949313995165,1.0
251000,2.8577993,29.21212121212121,0.04152705,0.3803030288580692,0.3803030288580692,1.0
252000,2.8566196,27.22222222222222,0.11508784,0.5972222081489034,0.5972222081489034,1.0
253000,2.859162,28.818181818181817,-0.00078825606,0.3393939354202964,0.3393939354202964,1.0
254000,2.8597639,28.17142857142857,-0.0004262959,0.34117646603023305,0.34117646603023305,1.0
255000,2.8626695,30.419354838709676,0.027342634,0.3796875034458935,0.3796875034458935,1.0
256000,2.8593867,26.833333333333332,0.02402338,0.4097222172551685,0.4097222172551685,1.0
257000,2.8476384,31.0,0.0013985224,0.30156251788139343,0.30156251788139343,1.0
258000,2.854934,28.606060606060606,0.0570383,0.44696969335729425,0.44696969335729425,1.0
259000,2.8556852,26.833333333333332,0.027773144,0.4999999925494194,0.4999999925494194,1.0
260000,2.856204,25.243243243243242,0.048109494,0.4815789414079566,0.4815789414079566,1.0
261000,2.8488116,27.02777777777778,-0.009660294,0.3263888855775197,0.3263888855775197,1.0
262000,2.8513749,27.542857142857144,-0.037364177,0.26142856563840594,0.26142856563840594,1.0
263000,2.8543112,29.727272727272727,0.030563558,0.340909096327695,0.340909096327695,1.0
264000,2.8645236,27.61111111111111,0.053438835,0.6500000076161491,0.6500000076161491,1.0
265000,2.854271,29.125,-0.02418407,0.28750000055879354,0.28750000055879354,1.0
266000,2.8555386,29.03030303030303,0.01100026,0.31515152616934344,0.31515152616934344,1.0
267000,2.8630443,30.375,-0.045933727,0.20312501676380634,0.20312501676380634,1.0
268000,2.852892,30.838709677419356,0.014760403,0.15645160982685705,0.15645160982685705,1.0
269000,2.8640802,29.823529411764707,-0.08833871,0.16969697764425568,0.16969697764425568,1.0
270000,2.8408947,28.638297872340427,0.09210226,0.38125000335276127,0.38125000335276127,1.0
271000,2.7869325,25.80952380952381,0.22295241,0.5621621592624767,0.5621621592624767,1.0
272000,2.789928,25.05128205128205,0.18775918,0.5974358908641033,0.5974358908641033,1.0
273000,2.8125832,23.95,0.0259667,0.5025000050663948,0.5025000050663948,1.0
274000,2.7777843,24.92105263157895,0.2925663,0.6526315855352502,0.6526315855352502,1.0
275000,2.7936416,24.853658536585368,0.31015712,0.8824999988079071,0.8824999988079071,1.0
276000,2.7826002,27.454545454545453,0.17912409,0.5250000164789312,0.5250000164789312,1.0
277000,2.7998605,26.513513513513512,0.25074124,0.6918918877034574,0.6918918877034574,1.0
278000,2.8069432,27.823529411764707,0.10258928,0.4102941203643294,0.4102941203643294,1.0
279000,2.795004,28.558823529411764,0.08139362,0.2647058630690855,0.2647058630690855,1.0
280000,2.7868466,22.931818181818183,0.26531354,0.9418604498685792,0.9418604498685792,1.0
281000,2.8004038,24.91891891891892,0.14756492,0.5986841940566113,0.5986841940566113,1.0
282000,2.8045862,25.105263157894736,0.28183928,0.728947365754529,0.728947365754529,1.0
283000,2.7976444,26.513513513513512,0.18987466,0.6216216167888126,0.6216216167888126,1.0
284000,2.7850823,26.444444444444443,0.22211999,0.6749999937083986,0.6749999937083986,1.0
285000,2.789329,29.181818181818183,0.2078731,0.3833333326108528,0.3833333326108528,1.0
286000,2.8094378,26.61111111111111,0.16413502,0.5638888817694452,0.5638888817694452,1.0
287000,2.7884476,27.305555555555557,0.30860665,0.633333327041732,0.633333327041732,1.0
288000,2.7891796,26.555555555555557,0.2275601,0.5999999923838509,0.5999999923838509,1.0
289000,2.7874947,22.666666666666668,0.24539453,0.8047618965307871,0.8047618965307871,1.0
290000,2.7926939,24.55,0.22622433,0.7274999842047691,0.7274999842047691,1.0
291000,2.786955,24.44736842105263,0.19009258,0.7197368380270506,0.7197368380270506,1.0
292000,2.7871826,23.536585365853657,0.1987162,0.4914633951536039,0.4914633951536039,1.0
293000,2.7957149,26.72222222222222,0.16862918,0.6027777708239026,0.6027777708239026,1.0
294000,2.803604,24.3,0.16399387,0.6449999883770943,0.6449999883770943,1.0
295000,2.7919703,26.027027027027028,0.18565357,0.6121621582959149,0.6121621582959149,1.0
296000,2.80185,21.454545454545453,0.23966837,0.7568181726065549,0.7568181726065549,1.0
297000,2.8069155,24.53846153846154,0.15880235,0.6282051243843176,0.6282051243843176,1.0
298000,2.7970502,26.56756756756757,0.188911,0.5337837821728474,0.5337837821728474,1.0
299000,2.7977498,24.45,0.11680306,0.7269230622511643,0.7269230622511643,1.0
300000,2.798668,25.054054054054053,0.23950522,0.72105263095153,0.72105263095153,1.0
301000,2.7793517,23.023809523809526,0.2084212,0.6999999923365456,0.6999999923365456,1.0
302000,2.7919037,24.75,0.17913945,0.611538446866549,0.611538446866549,1.0
303000,2.8099024,25.916666666666668,0.15576132,0.5837837779844129,0.5837837779844129,1.0
304000,2.7906246,22.463414634146343,0.26468667,0.8738095079149518,0.8738095079149518,1.0
305000,2.7934165,22.162790697674417,0.16147642,0.5767441766206608,0.5767441766206608,1.0
306000,2.782756,26.75,0.2880803,0.7999999986754524,0.7999999986754524,1.0
307000,2.7973084,24.846153846153847,0.17082877,0.5051281956525949,0.5051281956525949,1.0
308000,2.804027,29.272727272727273,0.19992715,0.4969697088906259,0.4969697088906259,1.0
309000,2.7778993,23.195121951219512,0.30746004,0.7536585309156557,0.7536585309156557,1.0
310000,2.7914488,23.341463414634145,0.18756104,0.6585365759163369,0.6585365759163369,1.0
311000,2.7977436,26.805555555555557,0.12713367,0.4194444707698292,0.4194444707698292,1.0
312000,2.7795417,26.2972972972973,0.25556916,0.6581081248618461,0.6581081248618461,1.0
313000,2.735361,26.52777777777778,0.37196928,0.5708333162797822,0.5708333162797822,1.0
314000,2.715903,24.605263157894736,0.2760388,0.4217948546776405,0.4217948546776405,1.0
315000,2.6998136,23.78048780487805,0.39986885,0.8390243838473064,0.8390243838473064,1.0
316000,2.6958873,21.88372093023256,0.36519167,0.7930232522099517,0.7930232522099517,1.0
317000,2.7134428,22.74418604651163,0.37493563,0.6976744082084921,0.6976744082084921,1.0
318000,2.7057934,24.41025641025641,0.4242383,0.8230769160466317,0.8230769160466317,1.0
319000,2.687394,22.044444444444444,0.41284382,0.8704545308243145,0.8704545308243145,1.0
320000,2.7066581,20.622222222222224,0.35697988,0.9065217427585436,0.9065217427585436,1.0
321000,2.7085829,21.272727272727273,0.41069457,0.8488636281002652,0.8488636281002652,1.0
322000,2.6969357,20.340425531914892,0.372081,0.8734042454273143,0.8734042454273143,1.0
323000,2.7188745,21.59090909090909,0.3942747,0.839772725647146,0.839772725647146,1.0
324000,2.6956491,21.977272727272727,0.48050347,1.010227263651111,1.010227263651111,1.0
325000,2.6953738,22.25581395348837,0.38222924,0.7872093014938887,0.7872093014938887,1.0
326000,2.6992626,20.76086956521739,0.47556907,0.9934782606104146,0.9934782606104146,1.0
327000,2.7101266,20.91304347826087,0.23581484,0.7217391159223474,0.7217391159223474,1.0
328000,2.707342,23.0,0.36774927,0.7390243774507104,0.7390243774507104,1.0
329000,2.728893,21.608695652173914,0.38050333,0.9155555526415508,0.9155555526415508,1.0
330000,2.7054276,20.3953488372093,0.39378613,0.9271738969761393,0.9271738969761393,1.0
331000,2.7161372,24.275,0.35665476,0.6862499944865703,0.6862499944865703,1.0
332000,2.709752,19.770833333333332,0.40003526,1.0374999946604173,1.0374999946604173,1.0
333000,2.7073898,21.043478260869566,0.28955185,0.6988888740539551,0.6988888740539551,1.0
334000,2.698355,24.175,0.42118537,0.7560975522529788,0.7560975522529788,1.0
335000,2.7042823,22.023809523809526,0.30286986,0.6857142845789591,0.6857142845789591,1.0
336000,2.7318459,23.585365853658537,0.37008557,0.7878048812470785,0.7878048812470785,1.0
337000,2.7138627,21.4,0.39989057,0.9822222060627408,0.9822222060627408,1.0
338000,2.7026756,23.463414634146343,0.41346523,0.9231707206586512,0.9231707206586512,1.0
339000,2.6881046,21.59090909090909,0.44633266,0.9079545370557092,0.9079545370557092,1.0
340000,2.7029383,22.523809523809526,0.33566326,0.7071428497632345,0.7071428497632345,1.0
341000,2.6873965,21.304347826086957,0.4424058,0.9055555449591742,0.9055555449591742,1.0
342000,2.7117445,22.70731707317073,0.31796944,0.7440476147901445,0.7440476147901445,1.0
343000,2.7046251,22.09090909090909,0.38327712,0.7170454453338276,0.7170454453338276,1.0
344000,2.6925802,21.044444444444444,0.4399615,0.9188888788223266,0.9188888788223266,1.0
345000,2.7309587,23.85,0.41379815,0.7487500041723252,0.7487500041723252,1.0
346000,2.7135167,21.2,0.3898662,0.9255555523766412,0.9255555523766412,1.0
347000,2.7062163,21.795454545454547,0.45868766,0.8784090822393243,0.8784090822393243,1.0
348000,2.702432,21.59090909090909,0.36830264,0.7545454515652223,0.7545454515652223,1.0
349000,2.69852,22.674418604651162,0.45243987,0.9395348748495412,0.9395348748495412,1.0
350000,2.7018287,21.565217391304348,0.45951194,0.9102272540330887,0.9102272540330887,1.0
351000,2.6991894,24.62162162162162,0.45711023,0.8948717827980335,0.8948717827980335,1.0
352000,2.7177696,22.761904761904763,0.25740296,0.5928571422894796,0.5928571422894796,1.0
353000,2.7096052,22.348837209302324,0.36845148,0.7476744055747986,0.7476744055747986,1.0
354000,2.6834753,22.264150943396228,0.45207068,0.8837209246879401,0.8837209246879401,1.0
355000,2.6113675,21.02777777777778,0.46874043,0.9260869337164838,0.9260869337164838,1.0
356000,2.61541,20.456521739130434,0.6138727,0.9380434686722963,0.9380434686722963,1.0
357000,2.576399,20.456521739130434,0.54771876,1.0361701998304813,1.0361701998304813,1.0
358000,2.6198123,17.96078431372549,0.5516358,1.0384615298647146,1.0384615298647146,1.0
359000,2.6204903,19.625,0.471723,0.9156249972681204,0.9156249972681204,1.0
360000,2.6094673,19.653061224489797,0.58031464,1.057142852520456,1.057142852520456,1.0
361000,2.5943568,19.583333333333332,0.5468519,0.9916666448116302,0.9916666448116302,1.0
362000,2.5876815,19.877551020408163,0.5257197,0.9958333348234495,0.9958333348234495,1.0
363000,2.5820894,20.933333333333334,0.54047316,1.0586956428444905,1.0586956428444905,1.0
364000,2.5956976,21.177777777777777,0.55961907,0.9733333335982428,0.9733333335982428,1.0
365000,2.6156068,18.403846153846153,0.5150464,1.0586538314819336,1.0586538314819336,1.0
366000,2.5980608,17.181818181818183,0.5510326,1.1129629490552124,1.1129629490552124,1.0
367000,2.6161482,18.959183673469386,0.5043648,0.9999999900658926,0.9999999900658926,1.0
368000,2.6105351,20.489795918367346,0.5666284,1.06224489090394,1.06224489090394,1.0
369000,2.6246765,19.543478260869566,0.47205818,0.8304347706877667,0.8304347706877667,1.0
370000,2.6044655,18.529411764705884,0.5416617,1.0686274334496142,1.0686274334496142,1.0
371000,2.6131475,20.395833333333332,0.44311374,0.8499999921372596,0.8499999921372596,1.0
372000,2.6089387,18.745098039215687,0.5202612,0.9450980296321944,0.9450980296321944,1.0
373000,2.620458,21.441860465116278,0.42232612,0.7443181777542288,0.7443181777542288,1.0
374000,2.606422,19.32,0.54777694,1.0290000057220459,1.0290000057220459,1.0
375000,2.6192193,20.282608695652176,0.56816024,1.0086956503598585,1.0086956503598585,1.0
376000,2.6103218,19.591836734693878,0.5620794,1.1173469253948756,1.1173469253948756,1.0
377000,2.6200316,20.956521739130434,0.516053,0.902222208182017,0.902222208182017,1.0
378000,2.5882547,20.25531914893617,0.535178,0.9166666499028603,0.9166666499028603,1.0
379000,2.5867703,18.92,0.6015066,1.0189999949932098,1.0189999949932098,1.0
380000,2.6077383,19.081632653061224,0.5480203,1.0244897810780271,1.0244897810780271,1.0
381000,2.6065907,19.895833333333332,0.45968366,0.8958333271245161,0.8958333271245161,1.0
382000,2.6190848,19.53061224489796,0.47919676,0.8908163138798305,0.8908163138798305,1.0
383000,2.616625,18.686274509803923,0.55913275,1.0558823405527602,1.0558823405527602,1.0
384000,2.6075382,19.916666666666668,0.5594321,1.0322916594644387,1.0322916594644387,1.0
385000,2.6369698,20.955555555555556,0.453224,0.8799999846352471,0.8799999846352471,1.0
386000,2.6099577,21.31111111111111,0.5132989,0.946666658255789,0.946666658255789,1.0
387000,2.6230283,20.127659574468087,0.54646707,1.011702113963188,1.011702113963188,1.0
388000,2.6094446,19.11764705882353,0.5069972,0.9819999814033509,0.9819999814033509,1.0
389000,2.5927153,18.54,0.5491269,1.077450970808665,1.077450970808665,1.0
390000,2.5944731,19.612244897959183,0.612492,1.1122449016084477,1.1122449016084477,1.0
391000,2.5890934,18.057692307692307,0.5929081,1.0970588104397643,1.0970588104397643,1.0
392000,2.613324,20.08,0.5224188,1.0199999862909317,1.0199999862909317,1.0
393000,2.6041741,19.434782608695652,0.46998632,0.9218749925494194,0.9218749925494194,1.0
394000,2.5981212,19.08,0.53479934,1.00299999833107,1.00299999833107,1.0
395000,2.5397513,18.313725490196077,0.6541358,1.1147058734706803,1.1147058734706803,1.0
396000,2.505966,16.54385964912281,0.7181735,1.1631578897175037,1.1631578897175037,1.0
397000,2.4972441,18.48076923076923,0.715614,1.1450980434230729,1.1450980434230729,1.0
398000,2.5062838,16.927272727272726,0.6818455,1.1919642867786544,1.1919642867786544,1.0
399000,2.5081959,17.163636363636364,0.7182616,1.171818174015392,1.171818174015392,1.0
400000,2.5123644,17.571428571428573,0.6979107,1.1571428520338876,1.1571428520338876,1.0
401000,2.4774878,17.442307692307693,0.6874797,1.0826923021903405,1.0826923021903405,1.0
402000,2.5021398,17.254545454545454,0.70058954,1.0745454414324327,1.0745454414324327,1.0
403000,2.504295,18.0,0.7160419,1.153773584455814,1.153773584455814,1.0
404000,2.4956481,18.055555555555557,0.6971744,1.168867920367223,1.168867920367223,1.0
405000,2.470865,19.0,0.7209126,1.160784312323028,1.160784312323028,1.0
406000,2.5021715,18.56,0.6749706,0.9559999930858613,0.9559999930858613,1.0
407000,2.5028317,16.275862068965516,0.71913826,1.1568965449415405,1.1568965449415405,1.0
408000,2.4909358,16.910714285714285,0.7169592,1.1800000049851158,1.1800000049851158,1.0
409000,2.508213,18.58,0.6926816,1.0686274451367996,1.0686274451367996,1.0
410000,2.4919527,17.2,0.7492531,1.198181805827401,1.198181805827401,1.0
411000,2.5048628,17.12962962962963,0.71976644,1.1645454450087114,1.1645454450087114,1.0
412000,2.4819713,16.68421052631579,0.64412653,1.0166666601833545,1.0166666601833545,1.0
413000,2.5052316,17.69811320754717,0.7272924,1.1292452755964026,1.1292452755964026,1.0
414000,2.5046816,18.132075471698112,0.7353131,1.2018867888540592,1.2018867888540592,1.0
415000,2.4970229,18.076923076923077,0.65332377,1.0365384542025053,1.0365384542025053,1.0
416000,2.5145648,18.25,0.66466147,1.1028846089656537,1.1028846089656537,1.0
417000,2.4864874,16.413793103448278,0.6933585,1.12758620237482,1.12758620237482,1.0
418000,2.5224483,16.56896551724138,0.6989287,1.1857142778379577,1.1857142778379577,1.0
419000,2.5008144,18.372549019607842,0.7361495,1.1867924523803424,1.1867924523803424,1.0
420000,2.528161,17.735849056603772,0.72385967,1.0990565981505052,1.0990565981505052,1.0
421000,2.501266,17.854545454545455,0.7575324,1.2415094353118032,1.2415094353118032,1.0
422000,2.498069,17.132075471698112,0.68376195,1.1709090785546736,1.1709090785546736,1.0
423000,2.5241292,16.98181818181818,0.7013288,1.1727272673086686,1.1727272673086686,1.0
424000,2.5320787,18.941176470588236,0.5839777,0.9127450807421815,0.9127450807421815,1.0
425000,2.4926875,18.254901960784313,0.6677369,1.0215686232435937,1.0215686232435937,1.0
426000,2.4825644,19.18,0.71798706,1.1069999980926513,1.1069999980926513,1.0
427000,2.513485,19.1,0.724642,1.0929999983310699,1.0929999983310699,1.0
428000,2.508266,17.444444444444443,0.63098294,0.9377358398347531,0.9377358398347531,1.0
429000,2.496353,17.48148148148148,0.70802015,1.0945454478263854,1.0945454478263854,1.0
430000,2.5066926,18.54901960784314,0.6748455,1.0549019592649795,1.0549019592649795,1.0
431000,2.4755976,15.789473684210526,0.63620734,1.081355925333702,1.081355925333702,1.0
432000,2.4997087,19.06,0.7098425,1.0730000042915344,1.0730000042915344,1.0
433000,2.498277,17.754716981132077,0.70971334,1.1103773465696372,1.1103773465696372,1.0
434000,2.4887109,18.807692307692307,0.7510869,1.07099999666214,1.07099999666214,1.0
435000,2.3801713,15.898305084745763,0.8545122,1.2449999888737997,1.2449999888737997,1.0
436000,2.4045467,16.285714285714285,0.8164135,1.1403508771929824,1.1403508771929824,1.0
437000,2.3926826,15.475409836065573,0.8177563,1.2131147453042328,1.2131147453042328,1.0
438000,2.4057648,15.95,0.78430426,1.2203389749688618,1.2203389749688618,1.0
439000,2.4134333,18.384615384615383,0.85650283,1.151923071879607,1.151923071879607,1.0
440000,2.4024813,17.67924528301887,0.85225946,1.114150934624222,1.114150934624222,1.0
441000,2.3810842,15.616666666666667,0.7558688,1.1385245860600082,1.1385245860600082,1.0
442000,2.4014554,16.263157894736842,0.8336707,1.2096491184150964,1.2096491184150964,1.0
443000,2.3696728,16.084745762711865,0.83548266,1.1584745690984242,1.1584745690984242,1.0
444000,2.4091747,17.67924528301887,0.8069175,1.1716980990373864,1.1716980990373864,1.0
445000,2.440971,15.983333333333333,0.7938754,1.0566666573286057,1.0566666573286057,1.0
446000,2.391244,15.5,0.8451603,1.220833338300387,1.220833338300387,1.0
447000,2.4213166,15.387096774193548,0.8410093,1.2065573725544039,1.2065573725544039,1.0
448000,2.385773,15.711864406779661,0.8506056,1.2208333243926366,1.2208333243926366,1.0
449000,2.3690498,17.754716981132077,0.8539835,1.1849056606022816,1.1849056606022816,1.0
450000,2.3838303,17.0,0.80195427,1.2062499874404498,1.2062499874404498,1.0
451000,2.3810635,15.88135593220339,0.7910931,1.161016933493695,1.161016933493695,1.0
452000,2.399871,16.719298245614034,0.8575974,1.2736842057161164,1.2736842057161164,1.0
453000,2.3881795,16.53448275862069,0.83876026,1.2324561319853131,1.2324561319853131,1.0
454000,2.3811398,15.728813559322035,0.80059415,1.1940677903466306,1.1940677903466306,1.0
455000,2.395501,18.725490196078432,0.7902307,1.0490195926497965,1.0490195926497965,1.0
456000,2.3985915,16.98148148148148,0.7988667,1.0936363604935733,1.0936363604935733,1.0
457000,2.414364,17.71153846153846,0.81239957,1.1009259234975886,1.1009259234975886,1.0
458000,2.4099061,16.10169491525424,0.8546567,1.205932196924242,1.205932196924242,1.0
459000,2.3920937,16.75,0.8487546,1.2374999927622932,1.2374999927622932,1.0
460000,2.4086475,18.09433962264151,0.84205145,1.1730769230769231,1.1730769230769231,1.0
461000,2.3829792,16.086206896551722,0.8260455,1.2423728795374853,1.2423728795374853,1.0
462000,2.3980832,15.516666666666667,0.81921935,1.2291666607062022,1.2291666607062022,1.0
463000,2.399171,15.403225806451612,0.831627,1.2344262287264964,1.2344262287264964,1.0
464000,2.3909602,15.283333333333333,0.8505375,1.2229508269028586,1.2229508269028586,1.0
465000,2.3778071,16.406779661016948,0.83991235,1.2206896564056133,1.2206896564056133,1.0
466000,2.425262,15.525423728813559,0.8265468,1.2216666638851166,1.2216666638851166,1.0
467000,2.3952787,16.68421052631579,0.8038523,1.1078947327638928,1.1078947327638928,1.0
468000,2.401315,16.49122807017544,0.82505494,1.235964911025867,1.235964911025867,1.0
469000,2.3782082,16.596491228070175,0.80581325,1.1614035075170952,1.1614035075170952,1.0
470000,2.3977873,16.910714285714285,0.83654976,1.1883928605488367,1.1883928605488367,1.0
471000,2.4205446,15.483333333333333,0.8263862,1.1541666646798452,1.1541666646798452,1.0
472000,2.376418,16.344827586206897,0.83857846,1.2413793021234973,1.2413793021234973,1.0
473000,2.3764963,16.689655172413794,0.8755874,1.143859651005059,1.143859651005059,1.0
474000,2.2912652,14.709677419354838,0.962948,1.333333334279439,1.333333334279439,1.0
475000,2.298704,15.7,0.91015965,1.1991666624943416,1.1991666624943416,1.0
476000,2.2653182,14.984126984126984,0.92524076,1.2444444308205256,1.2444444308205256,1.0
477000,2.2838838,16.133333333333333,0.882331,1.218103441698798,1.218103441698798,1.0
478000,2.2750006,15.186440677966102,0.89859676,1.2409836024534506,1.2409836024534506,1.0
479000,2.2825766,15.516666666666667,0.94254565,1.309166673819224,1.309166673819224,1.0
480000,2.274965,14.721311475409836,0.9392313,1.2880952329862685,1.2880952329862685,1.0
481000,2.2962477,15.262295081967213,0.9225946,1.2112903191197304,1.2112903191197304,1.0
482000,2.268513,15.508196721311476,0.90045196,1.2622950868528398,1.2622950868528398,1.0
483000,2.2744985,16.732142857142858,0.91984814,1.1776785658938544,1.1776785658938544,1.0
484000,2.2999175,14.115942028985508,0.91320544,1.2208955198971194,1.2208955198971194,1.0
485000,2.2695556,15.859649122807017,0.9234763,1.240517241173777,1.240517241173777,1.0
486000,2.283886,15.295081967213115,0.9414955,1.2556451539839468,1.2556451539839468,1.0
487000,2.2934203,15.096774193548388,0.92091477,1.2693548317878478,1.2693548317878478,1.0
488000,2.2640786,14.59375,0.8959507,1.2531249928288162,1.2531249928288162,1.0
489000,2.2870214,14.88888888888889,0.9006198,1.2230158774625688,1.2230158774625688,1.0
490000,2.2681847,14.578125,0.91600966,1.3109374940395355,1.3109374940395355,1.0
491000,2.258066,14.029850746268657,0.92973936,1.3223880547196118,1.3223880547196118,1.0
492000,2.2950003,16.821428571428573,0.8984373,1.1741071396640368,1.1741071396640368,1.0
493000,2.2515244,14.859375,0.91242135,1.2445312486961484,1.2445312486961484,1.0
494000,2.2911088,15.728813559322035,0.9017225,1.1974576221684279,1.1974576221684279,1.0
495000,2.2445583,15.327868852459016,0.9593324,1.3426229455431953,1.3426229455431953,1.0
496000,2.2782884,15.344262295081966,0.9149715,1.2581967213114753,1.2581967213114753,1.0
497000,2.276176,15.688524590163935,0.9514141,1.3691666732231775,1.3691666732231775,1.0
498000,2.32287,16.854545454545455,0.93585724,1.1687500061733382,1.1687500061733382,1.0
499000,2.2817569,15.661290322580646,0.9465969,1.282786889154403,1.282786889154403,1.0
500000,2.253214,14.5,0.9390702,1.3335937364026904,1.3335937364026904,1.0
501000,2.2830653,16.927272727272726,0.92513806,1.2482142746448517,1.2482142746448517,1.0
502000,2.269652,14.609375,0.9513557,1.3195312460884452,1.3195312460884452,1.0
503000,2.2674298,15.966101694915254,0.9166579,1.263559322235948,1.263559322235948,1.0
504000,2.2887874,16.28813559322034,0.9363554,1.221551730201162,1.221551730201162,1.0
505000,2.2894526,16.06896551724138,0.90991825,1.2198275944282269,1.2198275944282269,1.0
506000,2.2874427,13.73134328358209,0.9476905,1.3139705938451431,1.3139705938451431,1.0
507000,2.2804759,15.14516129032258,0.93271,1.2669354754109536,1.2669354754109536,1.0
508000,2.257929,15.360655737704919,0.92281216,1.2360655655626391,1.2360655655626391,1.0
509000,2.2933483,15.932203389830509,0.9176971,1.2499999898975178,1.2499999898975178,1.0
510000,2.2775264,15.466666666666667,0.9204952,1.243442625784483,1.243442625784483,1.0
511000,2.2706048,14.82089552238806,0.95774794,1.2304687458090484,1.2304687458090484,1.0
512000,2.152335,13.761904761904763,1.0073059,1.4196969686132488,1.4196969686132488,1.0
513000,2.1509762,14.104477611940299,1.015573,1.3634328379559872,1.3634328379559872,1.0
514000,2.1129367,13.5,1.0176628,1.4130434782608696,1.4130434782608696,1.0
515000,2.1349626,13.388059701492537,1.0042549,1.3637681162875632,1.3637681162875632,1.0
516000,2.1579797,13.114285714285714,0.99771696,1.3599999989782061,1.3599999989782061,1.0
517000,2.1579275,14.36923076923077,1.0142462,1.3128787875175476,1.3128787875175476,1.0
518000,2.1326792,14.234375,1.0077258,1.3469230816914486,1.3469230816914486,1.0
519000,2.1649413,14.074626865671641,0.97711873,1.3325757555889362,1.3325757555889362,1.0
520000,2.152432,13.142857142857142,0.9932236,1.3302816878741897,1.3302816878741897,1.0
521000,2.1456892,14.212121212121213,1.021014,1.378030306913636,1.378030306913636,1.0
522000,2.1532955,13.565217391304348,1.0086296,1.3934782717538916,1.3934782717538916,1.0
523000,2.1657875,14.515151515151516,0.9741931,1.2769230702748666,1.2769230702748666,1.0
524000,2.1369596,13.432835820895523,1.0164626,1.400735294994186,1.400735294994186,1.0
525000,2.1580148,14.333333333333334,1.0016282,1.3681818156531362,1.3681818156531362,1.0
526000,2.125346,13.984848484848484,1.0166912,1.3431818214329807,1.3431818214329807,1.0
527000,2.1346474,13.838235294117647,1.0195386,1.3860294126412447,1.3860294126412447,1.0
528000,2.139666,14.903225806451612,1.024365,1.3709677486650405,1.3709677486650405,1.0
529000,2.1218636,13.970588235294118,0.9909889,1.3208955286154107,1.3208955286154107,1.0
530000,2.136192,13.028169014084508,0.99940556,1.3507042170410426,1.3507042170410426,1.0
531000,2.1697242,13.954545454545455,0.9839154,1.3141790975385637,1.3141790975385637,1.0
532000,2.1428463,13.428571428571429,1.0184608,1.3782608759575996,1.3782608759575996,1.0
533000,2.1333451,13.794117647058824,1.0112895,1.3710144913714866,1.3710144913714866,1.0
534000,2.1009364,13.73134328358209,1.016461,1.3955223889493231,1.3955223889493231,1.0
535000,2.1241689,13.565217391304348,1.0090162,1.3804347826086956,1.3804347826086956,1.0
536000,2.1539733,14.806451612903226,1.0025446,1.247619040428646,1.247619040428646,1.0
537000,2.1685953,14.4,1.0058447,1.3330769245441143,1.3330769245441143,1.0
538000,2.1389477,12.726027397260275,1.012794,1.404109589041096,1.404109589041096,1.0
539000,2.1499722,13.19718309859155,1.0171852,1.3835714246545519,1.3835714246545519,1.0
540000,2.1462188,14.075757575757576,0.9956294,1.3052238786398476,1.3052238786398476,1.0
541000,2.163045,12.985915492957746,1.0089986,1.3535211279358663,1.3535211279358663,1.0
542000,2.1456,13.5,0.9792977,1.3659420289855073,1.3659420289855073,1.0
543000,2.1751392,14.246153846153845,0.98486847,1.2886363611076816,1.2886363611076816,1.0
544000,2.1931698,14.830769230769231,0.982751,1.2785714230840168,1.2785714230840168,1.0
545000,2.1451025,14.109375,0.996244,1.312878787969098,1.312878787969098,1.0
546000,2.1209264,13.794117647058824,1.0195546,1.379411766634268,1.379411766634268,1.0
547000,2.1637812,14.08955223880597,1.0130308,1.3537313457745224,1.3537313457745224,1.0
548000,2.1334105,13.378048780487806,1.0174195,1.3253731327270395,1.3253731327270395,1.0
549000,1.9869418,11.952380952380953,1.0634559,1.4305194825321048,1.4305194825321048,1.0
550000,2.0137656,13.776119402985074,1.0561059,1.3698529390727772,1.3698529390727772,1.0
551000,1.9932067,12.32,1.0497468,1.3953333353996278,1.3953333353996278,1.0
552000,2.0151253,12.368421052631579,1.0353293,1.3626666657129924,1.3626666657129924,1.0
553000,1.9953747,11.87012987012987,1.0527143,1.4282051336306791,1.4282051336306791,1.0
554000,2.0066907,12.58904109589041,1.0453287,1.336301367985059,1.336301367985059,1.0
555000,2.0022748,13.72463768115942,1.0706705,1.3845588253701435,1.3845588253701435,1.0
556000,2.001161,12.901408450704226,1.0480189,1.3631944408019383,1.3631944408019383,1.0
557000,1.9886408,11.85897435897436,1.0366884,1.4076923193075719,1.4076923193075719,1.0
558000,1.9622748,12.103896103896103,1.0923911,1.4921052675498159,1.4921052675498159,1.0
559000,1.9742761,12.213333333333333,1.1060829,1.4980263239458989,1.4980263239458989,1.0
560000,1.9939196,13.44927536231884,1.0305092,1.3420289823974387,1.3420289823974387,1.0
561000,1.9946947,12.453333333333333,1.0604738,1.390000003973643,1.390000003973643,1.0
562000,2.0279028,12.88888888888889,1.0777287,1.4359155037033726,1.4359155037033726,1.0
563000,2.0122187,12.698630136986301,1.0621388,1.4114864903527338,1.4114864903527338,1.0
564000,1.9496479,12.859154929577464,1.0706542,1.3936619767000977,1.3936619767000977,1.0
565000,1.9735036,13.169014084507042,1.0520562,1.383333332836628,1.383333332836628,1.0
566000,2.0088122,12.31578947368421,1.0784762,1.4391891940219983,1.4391891940219983,1.0
567000,1.9736139,11.907894736842104,1.0597585,1.4250000065717943,1.4250000065717943,1.0
568000,1.9937944,11.69620253164557,1.0606004,1.461538472236731,1.461538472236731,1.0
569000,1.9954984,13.056338028169014,1.0778273,1.397916678753164,1.397916678753164,1.0
570000,1.9960059,14.06060606060606,1.0542157,1.315151516235236,1.315151516235236,1.0
571000,1.9944152,12.197368421052632,1.0793513,1.4552631738938784,1.4552631738938784,1.0
572000,2.0113432,12.144736842105264,1.0663654,1.4032894710176869,1.4032894710176869,1.0
573000,2.0106447,12.805555555555555,1.0698962,1.402083324889342,1.402083324889342,1.0
574000,1.9993279,12.554054054054054,1.0651821,1.41148648310352,1.41148648310352,1.0
575000,1.9603332,13.069444444444445,1.0750086,1.3852112662624305,1.3852112662624305,1.0
576000,1.9930898,12.41891891891892,1.054194,1.3840000108877817,1.3840000108877817,1.0
577000,1.999275,13.142857142857142,1.0826694,1.400714284181595,1.400714284181595,1.0
578000,2.0069962,11.6375,1.0788997,1.4606250077486038,1.4606250077486038,1.0
579000,1.9748429,13.285714285714286,1.0676264,1.3657142860548837,1.3657142860548837,1.0
580000,1.9963133,12.41891891891892,1.0671499,1.4040540617865485,1.4040540617865485,1.0
581000,1.990725,12.616438356164384,1.0533131,1.4123287707158965,1.4123287707158965,1.0
582000,1.997511,12.767123287671232,1.054612,1.362328773492003,1.362328773492003,1.0
583000,1.9876332,12.28,1.0426377,1.3673333386580149,1.3673333386580149,1.0
584000,1.9700543,11.729166666666666,1.0344261,1.3948718019020863,1.3948718019020863,1.0
585000,1.8249439,12.116666666666667,1.1225327,1.4493589928516974,1.4493589928516974,1.0
586000,1.8284513,11.107142857142858,1.1298062,1.515060245272625,1.515060245272625,1.0
587000,1.8271941,11.4125,1.1249983,1.4762500040233135,1.4762500040233135,1.0
588000,1.8338838,11.405063291139241,1.1342964,1.521875,1.521875,1.0
589000,1.8506024,12.18421052631579,1.1291443,1.459868416974419,1.459868416974419,1.0
590000,1.7930291,10.94047619047619,1.1242205,1.488690483428183,1.488690483428183,1.0
591000,1.827182,11.419753086419753,1.1252393,1.487037044984323,1.487037044984323,1.0
592000,1.8523388,11.4625,1.1297973,1.4781250074505805,1.4781250074505805,1.0
593000,1.8100327,11.575,1.1202787,1.4637500047683716,1.4637500047683716,1.0
594000,1.8612072,11.820512820512821,1.1106511,1.450000008979401,1.450000008979401,1.0
595000,1.8114134,11.036144578313253,1.1099817,1.4678571479661124,1.4678571479661124,1.0
596000,1.8259337,11.531645569620252,1.130809,1.4873417766788337,1.4873417766788337,1.0
597000,1.8343226,12.31578947368421,1.1376402,1.491447380498836,1.491447380498836,1.0
598000,1.8013003,11.569620253164556,1.1329442,1.4810126680362075,1.4810126680362075,1.0
599000,1.8335404,11.922077922077921,1.1266813,1.4701298800381748,1.4701298800381748,1.0
600000,1.8680471,10.847058823529412,1.089388,1.457058822407442,1.457058822407442,1.0
601000,1.8272487,11.4625,1.124767,1.487500013411045,1.487500013411045,1.0
602000,1.8488464,10.94047619047619,1.0971385,1.4445783093751194,1.4445783093751194,1.0
603000,1.8610865,11.569620253164556,1.1293526,1.4718750074505806,1.4718750074505806,1.0
604000,1.8520548,12.116883116883116,1.1545608,1.4776315885154825,1.4776315885154825,1.0
605000,1.8578793,11.76923076923077,1.097276,1.3601265847682953,1.3601265847682953,1.0
606000,1.8225876,12.217948717948717,1.1251017,1.429605265197001,1.429605265197001,1.0
607000,1.8540169,12.287671232876713,1.1425141,1.4846666653951008,1.4846666653951008,1.0
608000,1.8368171,11.333333333333334,1.1271517,1.486419759414814,1.486419759414814,1.0
609000,1.8519831,12.06578947368421,1.1430278,1.4743421069885556,1.4743421069885556,1.0
610000,1.8308371,11.886075949367088,1.1354815,1.4788461549159808,1.4788461549159808,1.0
611000,1.8319917,11.1875,1.1008471,1.4634146414152005,1.4634146414152005,1.0
612000,1.8670101,11.518518518518519,1.1084158,1.4731250084936618,1.4731250084936618,1.0
613000,1.8378338,11.782051282051283,1.1276853,1.467721528644803,1.467721528644803,1.0
614000,1.8511311,12.210526315789474,1.1211611,1.4368421090276617,1.4368421090276617,1.0
615000,1.8364258,12.391891891891891,1.1552086,1.4432432490426141,1.4432432490426141,1.0
616000,1.8189056,12.31081081081081,1.1371583,1.4513333415985108,1.4513333415985108,1.0
617000,1.8659649,11.746835443037975,1.1295857,1.4740506357784513,1.4740506357784513,1.0
618000,1.8399466,11.246913580246913,1.1063707,1.4777777827816245,1.4777777827816245,1.0
619000,1.8287853,11.759493670886076,1.1666894,1.512658239919928,1.512658239919928,1.0
620000,1.8338497,11.833333333333334,1.1336244,1.4801282156736424,1.4801282156736424,1.0
621000,1.6902667,10.764705882352942,1.1478659,1.531764719065498,1.531764719065498,1.0
622000,1.6798096,11.012048192771084,1.160619,1.5469879658825427,1.5469879658825427,1.0
623000,1.7103125,10.404494382022472,1.1140141,1.4926136434078217,1.4926136434078217,1.0
624000,1.723921,10.144444444444444,1.072163,1.44388890531328,1.44388890531328,1.0
625000,1.6878463,10.783132530120483,1.1554371,1.5440476323877061,1.5440476323877061,1.0
626000,1.7018002,10.904761904761905,1.1526326,1.5279761950174968,1.5279761950174968,1.0
627000,1.6501698,10.563218390804598,1.1439769,1.5224137991324238,1.5224137991324238,1.0
628000,1.701976,10.12087912087912,1.1280878,1.5288888997501797,1.5288888997501797,1.0
629000,1.665289,10.318181818181818,1.1274506,1.517613653432239,1.517613653432239,1.0
630000,1.6593244,10.227272727272727,1.1107988,1.5275280971205636,1.5275280971205636,1.0
631000,1.6703812,10.847058823529412,1.136396,1.4934523914541518,1.4934523914541518,1.0
632000,1.6791836,10.858823529411765,1.1292145,1.498823533338659,1.498823533338659,1.0
633000,1.6514717,10.310344827586206,1.1219432,1.5187500092116268,1.5187500092116268,1.0
634000,1.647348,10.032608695652174,1.1266582,1.5439560557459737,1.5439560557459737,1.0
635000,1.6929914,10.732558139534884,1.1132075,1.4911764726919285,1.4911764726919285,1.0
636000,1.6591955,10.136363636363637,1.1217289,1.510000009006924,1.510000009006924,1.0
637000,1.6851938,10.348314606741573,1.1280636,1.5306818227876315,1.5306818227876315,1.0
638000,1.6680665,10.295454545454545,1.1265996,1.5117977656675188,1.5117977656675188,1.0
639000,1.658069,10.420454545454545,1.1269878,1.5310344860471528,1.5310344860471528,1.0
640000,1.6691879,10.880952380952381,1.1601976,1.5291666778780164,1.5291666778780164,1.0
641000,1.6875004,10.11111111111111,1.1061119,1.5120879188998715,1.5120879188998715,1.0
642000,1.6543429,10.25,1.122377,1.5193181776187636,1.5193181776187636,1.0
643000,1.6609623,10.443181818181818,1.1223289,1.5068181915716692,1.5068181915716692,1.0
644000,1.6952637,10.831325301204819,1.1594279,1.5321428591296786,1.5321428591296786,1.0
645000,1.658407,10.694117647058823,1.1324086,1.522674421931422,1.522674421931422,1.0
646000,1.69731,10.69767441860465,1.1272309,1.4976470694822424,1.4976470694822424,1.0
647000,1.6740767,10.144444444444444,1.0985672,1.4972222275204128,1.4972222275204128,1.0
648000,1.6790545,10.306818181818182,1.0852972,1.480681832541119,1.480681832541119,1.0
649000,1.6611155,10.425287356321839,1.1312922,1.5335227372971447,1.5335227372971447,1.0
650000,1.6578475,10.459770114942529,1.1295286,1.5327586305552516,1.5327586305552516,1.0
651000,1.6880093,10.870588235294118,1.1061101,1.458235301690943,1.458235301690943,1.0
652000,1.6733727,10.219780219780219,1.1217906,1.5308988891290816,1.5308988891290816,1.0
653000,1.7238381,10.69047619047619,1.1083677,1.483720938133639,1.483720938133639,1.0
654000,1.6493319,10.272727272727273,1.1365587,1.529545465653593,1.529545465653593,1.0
655000,1.6974602,11.805194805194805,1.1337916,1.455128217354799,1.455128217354799,1.0
656000,1.6543735,10.673076923076923,1.1644347,1.5658823644413669,1.5658823644413669,1.0
657000,1.5058929,10.056338028169014,1.1703125,1.5711111187934876,1.5711111187934876,1.0
658000,1.5339055,9.96774193548387,1.1699772,1.603260873452477,1.603260873452477,1.0
659000,1.521243,9.92134831460674,1.1520524,1.5532967114186549,1.5532967114186549,1.0
660000,1.5394284,9.698924731182796,1.1508763,1.572580668234056,1.572580668234056,1.0
661000,1.546338,9.6,1.1265894,1.550000010038677,1.550000010038677,1.0
662000,1.5316877,10.280898876404494,1.1822227,1.573595514458217,1.573595514458217,1.0
663000,1.5261905,9.505263157894737,1.1339493,1.5557894882402923,1.5557894882402923,1.0
664000,1.5175574,9.793478260869565,1.1581558,1.5586956648722938,1.5586956648722938,1.0
665000,1.4916689,9.817204301075268,1.1535354,1.5526881884503108,1.5526881884503108,1.0
666000,1.4955916,9.278350515463918,1.1260505,1.5551546529396294,1.5551546529396294,1.0
667000,1.5170212,9.945054945054945,1.1585525,1.569230787046663,1.569230787046663,1.0
668000,1.5309665,9.583333333333334,1.130903,1.5484210604115536,1.5484210604115536,1.0
669000,1.5337094,9.610526315789473,1.1276644,1.5421052731965716,1.5421052731965716,1.0
670000,1.5453832,9.76086956521739,1.1121533,1.4869565315868543,1.4869565315868543,1.0
671000,1.4835029,9.695652173913043,1.1645927,1.5983871042087514,1.5983871042087514,1.0
672000,1.5197386,10.021978021978022,1.1608728,1.5615384788303586,1.5615384788303586,1.0
673000,1.543859,9.691489361702128,1.1192249,1.5186170317391132,1.5186170317391132,1.0
674000,1.522666,10.318181818181818,1.1760837,1.5579545565626838,1.5579545565626838,1.0
675000,1.5260646,10.386363636363637,1.1781392,1.5687500130046497,1.5687500130046497,1.0
676000,1.5218822,9.663157894736843,1.1411282,1.544680856643839,1.544680856643839,1.0
677000,1.4870186,9.416666666666666,1.1378192,1.5578125081956387,1.5578125081956387,1.0
678000,1.5049667,10.077777777777778,1.1733739,1.5659340842739566,1.5659340842739566,1.0
679000,1.5308466,9.849462365591398,1.1358832,1.535714293574239,1.535714293574239,1.0
680000,1.5202128,10.224719101123595,1.1711867,1.5655555605888367,1.5655555605888367,1.0
681000,1.5351448,9.88888888888889,1.106275,1.4950549523909014,1.4950549523909014,1.0
682000,1.4857913,10.0,1.1699784,1.582967045542958,1.582967045542958,1.0
683000,1.5114734,9.591397849462366,1.1019977,1.4942105324644792,1.4942105324644792,1.0
684000,1.4875486,9.868131868131869,1.1637778,1.586263752245641,1.586263752245641,1.0
685000,1.5243611,10.11111111111111,1.14594,1.5500000034059798,1.5500000034059798,1.0
686000,1.5157993,9.847826086956522,1.1290091,1.5239130530668341,1.5239130530668341,1.0
687000,1.4908204,9.621052631578948,1.1388825,1.5707446844019788,1.5707446844019788,1.0
688000,1.5193325,9.76086956521739,1.140251,1.5590425615615033,1.5590425615615033,1.0
689000,1.5412889,9.34020618556701,1.1292577,1.5671875153978665,1.5671875153978665,1.0
690000,1.5271521,9.291666666666666,1.1326071,1.5530927967779415,1.5530927967779415,1.0
691000,1.5053762,9.4375,1.1280168,1.5619791733721893,1.5619791733721893,1.0
692000,1.5356822,9.74736842105263,1.1209489,1.5370967798335577,1.5370967798335577,1.0
693000,1.4951892,9.322916666666666,1.1193197,1.5474226917188192,1.5474226917188192,1.0
694000,1.3879923,9.291666666666666,1.1329185,1.5845360915685438,1.5845360915685438,1.0
695000,1.4089372,9.34020618556701,1.1174742,1.5618556774768633,1.5618556774768633,1.0
696000,1.3406758,8.831683168316832,1.1125915,1.5886138701202845,1.5886138701202845,1.0
697000,1.3843006,8.911764705882353,1.1159878,1.591089124726777,1.591089124726777,1.0
698000,1.4047935,9.56842105263158,1.1489911,1.59263159350345,1.59263159350345,1.0
699000,1.3441498,9.081632653061224,1.1385447,1.6166666794304896,1.6166666794304896,1.0
700000,1.3538994,8.96078431372549,1.121264,1.5851485257101532,1.5851485257101532,1.0
701000,1.3581214,9.526881720430108,1.1574546,1.614361709736763,1.614361709736763,1.0
702000,1.3732054,9.21,1.1349869,1.596464666453275,1.596464666453275,1.0
703000,1.3541844,9.263157894736842,1.1428916,1.5963917614258443,1.5963917614258443,1.0
704000,1.3515555,9.795698924731182,1.163339,1.6107527094502603,1.6107527094502603,1.0
705000,1.3495965,8.91,1.1206514,1.5870000064373015,1.5870000064373015,1.0
706000,1.3848144,9.329896907216495,1.1216508,1.578350524312442,1.578350524312442,1.0
707000,1.359166,9.183673469387756,1.1186682,1.5698979740240135,1.5698979740240135,1.0
708000,1.3724643,9.395833333333334,1.1307108,1.5752577388409488,1.5752577388409488,1.0
709000,1.3832583,9.164948453608247,1.1472315,1.6137755294235385,1.6137755294235385,1.0
710000,1.3504868,9.13,1.1157374,1.5545454594221981,1.5545454594221981,1.0
711000,1.383931,9.51578947368421,1.1540986,1.58157895928935,1.58157895928935,1.0
712000,1.3520689,9.112244897959183,1.1234802,1.5803030331929524,1.5803030331929524,1.0
713000,1.3840965,9.615384615384615,1.1495321,1.5790322724209036,1.5790322724209036,1.0
714000,1.3747764,9.295918367346939,1.1287627,1.5907216575956835,1.5907216575956835,1.0
715000,1.3749001,9.847826086956522,1.1235933,1.5521505571180774,1.5521505571180774,1.0
716000,1.3876257,9.151515151515152,1.1246208,1.5792929500040382,1.5792929500040382,1.0
717000,1.3934752,9.257731958762887,1.1199387,1.556701045675376,1.556701045675376,1.0
718000,1.401924,9.268041237113403,1.10607,1.547422688031934,1.547422688031934,1.0
719000,1.342193,9.090909090909092,1.1456343,1.6050505228716918,1.6050505228716918,1.0
720000,1.3567698,9.53125,1.131234,1.5773684288326062,1.5773684288326062,1.0
721000,1.3596523,8.91,1.1140293,1.579207930234399,1.579207930234399,1.0
722000,1.3460745,9.171717171717171,1.1427555,1.6101010158808544,1.6101010158808544,1.0
723000,1.3590592,9.29896907216495,1.148404,1.5943299064931182,1.5943299064931182,1.0
724000,1.3396003,9.322916666666666,1.1389421,1.5979381517036675,1.5979381517036675,1.0
725000,1.3486875,9.13265306122449,1.1291775,1.5642857308290443,1.5642857308290443,1.0
726000,1.3590139,8.95,1.1180948,1.5865000152587891,1.5865000152587891,1.0
727000,1.3461802,9.763440860215054,1.1596823,1.6069892683336813,1.6069892683336813,1.0
728000,1.3741778,9.648936170212766,1.1709423,1.6186170425820858,1.6186170425820858,1.0
729000,1.353173,8.990099009900991,1.1093576,1.5640000069141389,1.5640000069141389,1.0
730000,1.3174139,9.458333333333334,1.1464019,1.6026041842997074,1.6026041842997074,1.0
731000,1.185368,8.64423076923077,1.1293688,1.6317307926141298,1.6317307926141298,1.0
732000,1.1983227,8.299065420560748,1.0913908,1.6009345979334038,1.6009345979334038,1.0
733000,1.2044195,8.547169811320755,1.1210744,1.638095264207749,1.638095264207749,1.0
734000,1.2308412,8.75,1.1458926,1.64460785482444,1.64460785482444,1.0
735000,1.2160093,8.547169811320755,1.0991256,1.58904763062795,1.58904763062795,1.0
736000,1.2103853,8.631067961165048,1.1074312,1.600961555655186,1.600961555655186,1.0
737000,1.188024,8.18918918918919,1.0883505,1.616972485813526,1.616972485813526,1.0
738000,1.1894653,8.40566037735849,1.1163476,1.629245303711801,1.629245303711801,1.0
739000,1.2475457,8.74757281553398,1.1209362,1.6213592429762904,1.6213592429762904,1.0
740000,1.1901597,8.39423076923077,1.0906342,1.5820754901418146,1.5820754901418146,1.0
741000,1.204931,8.666666666666666,1.1360887,1.634134631890517,1.634134631890517,1.0
742000,1.197857,8.4,1.1077634,1.6033018951146107,1.6033018951146107,1.0
743000,1.2162536,9.01980198019802,1.1282644,1.612500011920929,1.612500011920929,1.0
744000,1.1989896,8.851485148514852,1.1539009,1.6544554646652523,1.6544554646652523,1.0
745000,1.1759274,8.596153846153847,1.1189207,1.6312500146719127,1.6312500146719127,1.0
746000,1.2015707,8.715686274509803,1.1157564,1.6019417660907633,1.6019417660907633,1.0
747000,1.2285533,8.766990291262136,1.1222049,1.6106796218353567,1.6106796218353567,1.0
748000,1.1883279,8.466666666666667,1.1179404,1.6119047766640073,1.6119047766640073,1.0
749000,1.1982675,8.76923076923077,1.1228359,1.618932053880784,1.618932053880784,1.0
750000,1.204856,8.715686274509803,1.1387436,1.6533980763074263,1.6533980763074263,1.0
751000,1.1752504,8.392523364485982,1.1131544,1.6339622825946447,1.6339622825946447,1.0
752000,1.1872807,8.784313725490197,1.1230452,1.6223301135220574,1.6223301135220574,1.0
753000,1.2004366,8.485714285714286,1.1248579,1.636190498442877,1.636190498442877,1.0
754000,1.2267371,8.843137254901961,1.1153402,1.5975490294250787,1.5975490294250787,1.0
755000,1.2061865,8.557692307692308,1.1136119,1.6153846314320197,1.6153846314320197,1.0
756000,1.1902015,8.705882352941176,1.1267569,1.622058834515366,1.622058834515366,1.0
757000,1.2024392,8.78640776699029,1.1323274,1.6308823671995425,1.6308823671995425,1.0
758000,1.2091662,8.650485436893204,1.1212575,1.6266666832424346,1.6266666832424346,1.0
759000,1.2161008,9.009900990099009,1.1532743,1.6373737544724436,1.6373737544724436,1.0
760000,1.2594826,8.94949494949495,1.0936749,1.5554455601342834,1.5554455601342834,1.0
761000,1.1999602,8.931372549019608,1.1121037,1.6099010115802879,1.6099010115802879,1.0
762000,1.2201169,9.02020202020202,1.1422646,1.640404063041764,1.640404063041764,1.0
763000,1.2086505,8.548076923076923,1.1302441,1.640952402069455,1.640952402069455,1.0
764000,1.2092452,8.669902912621358,1.1350297,1.6344660439537566,1.6344660439537566,1.0
765000,1.2577348,8.61320754716981,1.1000574,1.5976190691902523,1.5976190691902523,1.0
766000,1.2054476,9.122448979591837,1.1632295,1.6265306326807762,1.6265306326807762,1.0
767000,1.1614131,8.523809523809524,1.1040092,1.6066666841506958,1.6066666841506958,1.0
768000,1.0657278,8.5,1.0998595,1.6339622848438766,1.6339622848438766,1.0
769000,1.0496104,8.10909090909091,1.0973866,1.6440909320657904,1.6440909320657904,1.0
770000,1.0449778,8.471153846153847,1.1332726,1.6759434218676585,1.6759434218676585,1.0
771000,1.0157268,7.849557522123894,1.0725317,1.6442478146173258,1.6442478146173258,1.0
772000,0.9918087,8.155963302752294,1.0981498,1.6339449784077635,1.6339449784077635,1.0
773000,1.0349331,8.192660550458715,1.100961,1.635648172210764,1.635648172210764,1.0
774000,1.0072283,8.045454545454545,1.1003839,1.6540540843396574,1.6540540843396574,1.0
775000,1.0275637,8.045045045045045,1.0725068,1.6112612786593739,1.6112612786593739,1.0
776000,1.0235671,8.136363636363637,1.1181138,1.676605530835073,1.676605530835073,1.0
777000,1.0407478,8.144144144144144,1.1005074,1.653211030391378,1.653211030391378,1.0
778000,1.0480374,8.339622641509434,1.1019998,1.6308411415492263,1.6308411415492263,1.0
779000,1.0647061,8.342857142857143,1.1092234,1.6476635788088647,1.6476635788088647,1.0
780000,1.0574605,8.263636363636364,1.0850539,1.622477078656538,1.622477078656538,1.0
781000,1.0523032,8.60576923076923,1.1260866,1.6567307871121626,1.6567307871121626,1.0
782000,0.99427646,7.946428571428571,1.1014199,1.6576576812847241,1.6576576812847241,1.0
783000,1.0163054,8.045454545454545,1.0920739,1.654954982233477,1.654954982233477,1.0
784000,1.0342449,8.377358490566039,1.1200085,1.6654205845895214,1.6654205845895214,1.0
785000,1.0095171,7.936936936936937,1.0906267,1.6463964178755477,1.6463964178755477,1.0
786000,1.0272979,7.842105263157895,1.0655379,1.6171052821895533,1.6171052821895533,1.0
787000,1.0265309,7.866071428571429,1.0718181,1.6165178811975889,1.6165178811975889,1.0
788000,1.018204,8.287037037037036,1.1171588,1.6550926152202818,1.6550926152202818,1.0
789000,1.0499295,8.689320388349515,1.1384509,1.6679611929412026,1.6679611929412026,1.0
790000,1.0358503,8.044247787610619,1.0967746,1.645945971076553,1.645945971076553,1.0
791000,1.0393972,7.892857142857143,1.0770369,1.6241071692534856,1.6241071692534856,1.0
792000,1.0336853,7.954954954954955,1.0975113,1.6607143091303962,1.6607143091303962,1.0
793000,1.044234,8.22429906542056,1.1069424,1.6430555725539173,1.6430555725539173,1.0
794000,1.0369321,8.284403669724771,1.1058787,1.6509259475602045,1.6509259475602045,1.0
795000,1.0507923,8.296296296296296,1.0976262,1.6402777996328142,1.6402777996328142,1.0
796000,1.0511924,8.320754716981131,1.0887729,1.6112149719880007,1.6112149719880007,1.0
797000,1.0527238,8.174311926605505,1.0989074,1.645871580193896,1.645871580193896,1.0
798000,1.0357827,8.424528301886792,1.13568,1.6731132347628754,1.6731132347628754,1.0
799000,1.0543126,8.576923076923077,1.1304084,1.670192335660641,1.670192335660641,1.0
800000,1.0254735,7.956140350877193,1.0745552,1.6209821647831373,1.6209821647831373,1.0
801000,1.0366526,8.330188679245284,1.125787,1.6785047032008662,1.6785047032008662,1.0
802000,1.0273454,8.20183486238532,1.0971494,1.6366972704546168,1.6366972704546168,1.0
803000,1.0230259,8.045454545454545,1.0877565,1.6231818437576293,1.6231818437576293,1.0
